-- MySQL dump 10.13  Distrib 8.0.30, for Win64 (x86_64)
--
-- Host: localhost    Database: pos_shop
-- ------------------------------------------------------
-- Server version	8.0.30

/*!40101 SET @OLD_CHARACTER_SET_CLIENT=@@CHARACTER_SET_CLIENT */;
/*!40101 SET @OLD_CHARACTER_SET_RESULTS=@@CHARACTER_SET_RESULTS */;
/*!40101 SET @OLD_COLLATION_CONNECTION=@@COLLATION_CONNECTION */;
/*!50503 SET NAMES utf8mb4 */;
/*!40103 SET @OLD_TIME_ZONE=@@TIME_ZONE */;
/*!40103 SET TIME_ZONE='+00:00' */;
/*!40014 SET @OLD_UNIQUE_CHECKS=@@UNIQUE_CHECKS, UNIQUE_CHECKS=0 */;
/*!40014 SET @OLD_FOREIGN_KEY_CHECKS=@@FOREIGN_KEY_CHECKS, FOREIGN_KEY_CHECKS=0 */;
/*!40101 SET @OLD_SQL_MODE=@@SQL_MODE, SQL_MODE='NO_AUTO_VALUE_ON_ZERO' */;
/*!40111 SET @OLD_SQL_NOTES=@@SQL_NOTES, SQL_NOTES=0 */;

--
-- Table structure for table `categories`
--

DROP TABLE IF EXISTS `categories`;
/*!40101 SET @saved_cs_client     = @@character_set_client */;
/*!50503 SET character_set_client = utf8mb4 */;
CREATE TABLE `categories` (
  `category_id` int NOT NULL,
  `category_name` varchar(255) DEFAULT NULL,
  PRIMARY KEY (`category_id`)
) ENGINE=InnoDB DEFAULT CHARSET=utf8mb4 COLLATE=utf8mb4_0900_ai_ci;
/*!40101 SET character_set_client = @saved_cs_client */;

--
-- Dumping data for table `categories`
--

LOCK TABLES `categories` WRITE;
/*!40000 ALTER TABLE `categories` DISABLE KEYS */;
INSERT INTO `categories` VALUES (1,'Smartphone'),(2,'Laptop');
/*!40000 ALTER TABLE `categories` ENABLE KEYS */;
UNLOCK TABLES;

--
-- Table structure for table `customers`
--

DROP TABLE IF EXISTS `customers`;
/*!40101 SET @saved_cs_client     = @@character_set_client */;
/*!50503 SET character_set_client = utf8mb4 */;
CREATE TABLE `customers` (
  `id` int NOT NULL AUTO_INCREMENT,
  `code` varchar(20) NOT NULL,
  `name` varchar(200) NOT NULL,
  `phone_number` varchar(15) DEFAULT NULL,
  `email` varchar(100) DEFAULT NULL,
  `address` varchar(255) DEFAULT NULL,
  `created_at` timestamp NOT NULL DEFAULT CURRENT_TIMESTAMP,
  `updated_at` timestamp NULL DEFAULT NULL ON UPDATE CURRENT_TIMESTAMP,
  `created_by` int DEFAULT NULL,
  `updated_by` int DEFAULT NULL,
  `is_active` enum('1','0') NOT NULL DEFAULT '1',
  PRIMARY KEY (`id`),
  UNIQUE KEY `customers_UN` (`code`)
) ENGINE=InnoDB AUTO_INCREMENT=2 DEFAULT CHARSET=utf8mb3;
/*!40101 SET character_set_client = @saved_cs_client */;

--
-- Dumping data for table `customers`
--

LOCK TABLES `customers` WRITE;
/*!40000 ALTER TABLE `customers` DISABLE KEYS */;
INSERT INTO `customers` VALUES (1,'C0001','Ahmad','084759365384','mad@gmail.com','Jakarta','2023-10-24 09:07:00',NULL,NULL,NULL,'1');
/*!40000 ALTER TABLE `customers` ENABLE KEYS */;
UNLOCK TABLES;

--
-- Table structure for table `images`
--

DROP TABLE IF EXISTS `images`;
/*!40101 SET @saved_cs_client     = @@character_set_client */;
/*!50503 SET character_set_client = utf8mb4 */;
CREATE TABLE `images` (
  `id` int NOT NULL AUTO_INCREMENT,
  `image_data` json DEFAULT NULL,
  PRIMARY KEY (`id`)
) ENGINE=InnoDB DEFAULT CHARSET=utf8mb4 COLLATE=utf8mb4_0900_ai_ci;
/*!40101 SET character_set_client = @saved_cs_client */;

--
-- Dumping data for table `images`
--

LOCK TABLES `images` WRITE;
/*!40000 ALTER TABLE `images` DISABLE KEYS */;
/*!40000 ALTER TABLE `images` ENABLE KEYS */;
UNLOCK TABLES;

--
-- Temporary view structure for view `pembeli`
--

DROP TABLE IF EXISTS `pembeli`;
/*!50001 DROP VIEW IF EXISTS `pembeli`*/;
SET @saved_cs_client     = @@character_set_client;
/*!50503 SET character_set_client = utf8mb4 */;
/*!50001 CREATE VIEW `pembeli` AS SELECT 
 1 AS `id`,
 1 AS `code`,
 1 AS `name`,
 1 AS `phone_number`,
 1 AS `email`,
 1 AS `address`,
 1 AS `created_at`,
 1 AS `updated_at`,
 1 AS `created_by`,
 1 AS `updated_by`,
 1 AS `is_active`*/;
SET character_set_client = @saved_cs_client;

--
-- Table structure for table `product`
--

DROP TABLE IF EXISTS `product`;
/*!40101 SET @saved_cs_client     = @@character_set_client */;
/*!50503 SET character_set_client = utf8mb4 */;
CREATE TABLE `product` (
  `product_id` int NOT NULL,
  `product_name` varchar(255) DEFAULT NULL,
  `product_description` text,
  `price` decimal(10,2) DEFAULT NULL,
  `stock` int DEFAULT NULL,
  `category_id` int DEFAULT NULL,
  PRIMARY KEY (`product_id`),
  KEY `product_ibfk_1` (`category_id`),
  CONSTRAINT `product_ibfk_1` FOREIGN KEY (`category_id`) REFERENCES `categories` (`category_id`) ON DELETE RESTRICT ON UPDATE RESTRICT
) ENGINE=InnoDB DEFAULT CHARSET=utf8mb4 COLLATE=utf8mb4_0900_ai_ci;
/*!40101 SET character_set_client = @saved_cs_client */;

--
-- Dumping data for table `product`
--

LOCK TABLES `product` WRITE;
/*!40000 ALTER TABLE `product` DISABLE KEYS */;
INSERT INTO `product` VALUES (1,'SAMSUNG S21','Barang baru segel utuh dan garansi resmi. barang yang kami jual dijamin kualitas terbaik',6800000.00,2,1);
/*!40000 ALTER TABLE `product` ENABLE KEYS */;
UNLOCK TABLES;

--
-- Table structure for table `product_categories`
--

DROP TABLE IF EXISTS `product_categories`;
/*!40101 SET @saved_cs_client     = @@character_set_client */;
/*!50503 SET character_set_client = utf8mb4 */;
CREATE TABLE `product_categories` (
  `id` int NOT NULL AUTO_INCREMENT,
  `category_name` varchar(255) NOT NULL,
  `created_at` timestamp NOT NULL DEFAULT CURRENT_TIMESTAMP,
  `updated_at` timestamp NULL DEFAULT NULL ON UPDATE CURRENT_TIMESTAMP,
  `created_by` int DEFAULT NULL,
  `updated_by` int DEFAULT NULL,
  `is_active` enum('1','0') NOT NULL DEFAULT '1',
  PRIMARY KEY (`id`)
) ENGINE=InnoDB AUTO_INCREMENT=4 DEFAULT CHARSET=utf8mb3;
/*!40101 SET character_set_client = @saved_cs_client */;

--
-- Dumping data for table `product_categories`
--

LOCK TABLES `product_categories` WRITE;
/*!40000 ALTER TABLE `product_categories` DISABLE KEYS */;
INSERT INTO `product_categories` VALUES (1,'Sports','2023-10-11 06:32:38',NULL,NULL,NULL,'1'),(2,'Toy','2023-10-11 06:32:42','2023-10-16 12:34:00',NULL,NULL,'1'),(3,'Accesoris','2023-10-11 06:32:54',NULL,NULL,NULL,'1');
/*!40000 ALTER TABLE `product_categories` ENABLE KEYS */;
UNLOCK TABLES;

--
-- Temporary view structure for view `product_view`
--

DROP TABLE IF EXISTS `product_view`;
/*!50001 DROP VIEW IF EXISTS `product_view`*/;
SET @saved_cs_client     = @@character_set_client;
/*!50503 SET character_set_client = utf8mb4 */;
/*!50001 CREATE VIEW `product_view` AS SELECT 
 1 AS `id`,
 1 AS `image`,
 1 AS `product_name`,
 1 AS `description`,
 1 AS `price`,
 1 AS `stock`,
 1 AS `product_code`,
 1 AS `category_name`*/;
SET character_set_client = @saved_cs_client;

--
-- Table structure for table `products`
--

DROP TABLE IF EXISTS `products`;
/*!40101 SET @saved_cs_client     = @@character_set_client */;
/*!50503 SET character_set_client = utf8mb4 */;
CREATE TABLE `products` (
  `id` int NOT NULL AUTO_INCREMENT,
  `product_name` varchar(255) NOT NULL,
  `category_id` int NOT NULL,
  `product_code` varchar(20) DEFAULT NULL,
  `is_active` enum('1','0') NOT NULL DEFAULT '1',
  `created_at` timestamp NOT NULL DEFAULT CURRENT_TIMESTAMP,
  `updated_at` timestamp NULL DEFAULT NULL ON UPDATE CURRENT_TIMESTAMP,
  `created_by` int DEFAULT NULL,
  `updated_by` int DEFAULT NULL,
  `description` text,
  `price` decimal(15,2) NOT NULL DEFAULT '0.00',
  `unit` varchar(100) CHARACTER SET utf8mb3 COLLATE utf8mb3_general_ci NOT NULL DEFAULT 'PCS' COMMENT 'satuan',
  `discount_amount` decimal(15,2) NOT NULL DEFAULT '0.00',
  `stock` int NOT NULL DEFAULT '0' COMMENT 'stock',
  `image` text CHARACTER SET utf8mb3 COLLATE utf8mb3_general_ci COMMENT 'gambar dari product',
  PRIMARY KEY (`id`),
  UNIQUE KEY `products_UN` (`product_code`),
  KEY `products_FK` (`category_id`),
  CONSTRAINT `products_FK` FOREIGN KEY (`category_id`) REFERENCES `product_categories` (`id`) ON DELETE RESTRICT ON UPDATE CASCADE
) ENGINE=InnoDB AUTO_INCREMENT=27 DEFAULT CHARSET=utf8mb3;
/*!40101 SET character_set_client = @saved_cs_client */;

--
-- Dumping data for table `products`
--

LOCK TABLES `products` WRITE;
/*!40000 ALTER TABLE `products` DISABLE KEYS */;
INSERT INTO `products` VALUES (1,'Sepatu',1,'P0001','1','2023-10-11 06:33:07','2023-11-13 19:21:43',NULL,NULL,'Sepatu',100000.00,'PCS',10.00,10,'5-Ciri-Sepatu-Warrior-Asli-Kamu-Wajib-Tahu.jpeg'),(2,'MacBook',3,'P0002','1','2023-10-16 09:22:26','2023-10-24 08:59:28',NULL,NULL,'Laptop',2000000.00,'PCS',0.00,3,'images.jpg'),(7,'Lego Batman',2,'P0003','1','2023-10-16 16:05:43','2023-10-20 17:59:49',NULL,NULL,'Mainan Anak',25000.00,'PCS',0.00,4,'batSlide.png'),(16,'Minecraft',2,'P0004','1','2023-10-20 10:39:54','2023-10-23 05:55:24',NULL,NULL,'Mainan Anak',20000.00,'PCS',0.00,4,'mine.png'),(17,'Laptop Asus',3,'p0005','1','2023-10-23 05:59:52',NULL,NULL,NULL,'Laptop',8200000.00,'PCS',0.00,4,'download.jpg'),(21,'Celana',3,'P0007','1','2023-10-24 10:19:25','2023-11-13 19:21:19',NULL,NULL,'Celana',120000.00,'PCS',0.00,3,'images (11).jpg');
/*!40000 ALTER TABLE `products` ENABLE KEYS */;
UNLOCK TABLES;

--
-- Table structure for table `products_circulations`
--

DROP TABLE IF EXISTS `products_circulations`;
/*!40101 SET @saved_cs_client     = @@character_set_client */;
/*!50503 SET character_set_client = utf8mb4 */;
CREATE TABLE `products_circulations` (
  `id` int NOT NULL AUTO_INCREMENT,
  `trx_date` date NOT NULL,
  `reff` varchar(20) DEFAULT NULL,
  `in` int NOT NULL DEFAULT '0',
  `out` int NOT NULL DEFAULT '0',
  `product_id` int NOT NULL,
  `remaining_stock` int NOT NULL,
  `updated_at` timestamp NULL DEFAULT NULL ON UPDATE CURRENT_TIMESTAMP,
  `created_by` int DEFAULT NULL,
  `updated_by` int DEFAULT NULL,
  `created_at` timestamp NOT NULL DEFAULT CURRENT_TIMESTAMP,
  PRIMARY KEY (`id`)
) ENGINE=InnoDB DEFAULT CHARSET=utf8mb3;
/*!40101 SET character_set_client = @saved_cs_client */;

--
-- Dumping data for table `products_circulations`
--

LOCK TABLES `products_circulations` WRITE;
/*!40000 ALTER TABLE `products_circulations` DISABLE KEYS */;
/*!40000 ALTER TABLE `products_circulations` ENABLE KEYS */;
UNLOCK TABLES;

--
-- Table structure for table `purchase`
--

DROP TABLE IF EXISTS `purchase`;
/*!40101 SET @saved_cs_client     = @@character_set_client */;
/*!50503 SET character_set_client = utf8mb4 */;
CREATE TABLE `purchase` (
  `id` int NOT NULL AUTO_INCREMENT,
  `code` varchar(20) NOT NULL,
  `trx_date` date NOT NULL,
  `sub_amount` decimal(15,2) DEFAULT NULL COMMENT 'total semua',
  `amount_total` decimal(15,2) DEFAULT NULL COMMENT 'total setelah diskon',
  `discount_amount` decimal(15,0) DEFAULT NULL COMMENT 'nominal diskon',
  `created_at` timestamp NOT NULL DEFAULT CURRENT_TIMESTAMP,
  `updated_at` timestamp NULL DEFAULT NULL ON UPDATE CURRENT_TIMESTAMP,
  `created_by` int DEFAULT NULL,
  `updated_by` int DEFAULT NULL,
  `total_products` int DEFAULT NULL,
  `vendor_id` int NOT NULL,
  `description` text CHARACTER SET utf8mb3 COLLATE utf8mb3_general_ci,
  PRIMARY KEY (`id`),
  UNIQUE KEY `purchases_UN` (`code`),
  KEY `purchase_FK` (`vendor_id`),
  CONSTRAINT `purchase_FK` FOREIGN KEY (`vendor_id`) REFERENCES `vendors` (`id`) ON DELETE RESTRICT ON UPDATE CASCADE
) ENGINE=InnoDB DEFAULT CHARSET=utf8mb3;
/*!40101 SET character_set_client = @saved_cs_client */;

--
-- Dumping data for table `purchase`
--

LOCK TABLES `purchase` WRITE;
/*!40000 ALTER TABLE `purchase` DISABLE KEYS */;
/*!40000 ALTER TABLE `purchase` ENABLE KEYS */;
UNLOCK TABLES;

--
-- Table structure for table `purchase_details`
--

DROP TABLE IF EXISTS `purchase_details`;
/*!40101 SET @saved_cs_client     = @@character_set_client */;
/*!50503 SET character_set_client = utf8mb4 */;
CREATE TABLE `purchase_details` (
  `id` int NOT NULL AUTO_INCREMENT,
  `purchase_id` int NOT NULL,
  `product_id` int DEFAULT NULL,
  `quantity` int NOT NULL,
  `created_at` timestamp NOT NULL DEFAULT CURRENT_TIMESTAMP,
  `updated_at` timestamp NULL DEFAULT NULL ON UPDATE CURRENT_TIMESTAMP,
  `created_by` int DEFAULT NULL,
  `updated_by` int DEFAULT NULL,
  `amount_total` decimal(15,2) NOT NULL DEFAULT '0.00',
  PRIMARY KEY (`id`),
  KEY `purchase_details_FK` (`product_id`),
  CONSTRAINT `purchase_details_FK` FOREIGN KEY (`product_id`) REFERENCES `products` (`id`) ON DELETE RESTRICT ON UPDATE CASCADE
) ENGINE=InnoDB DEFAULT CHARSET=utf8mb3;
/*!40101 SET character_set_client = @saved_cs_client */;

--
-- Dumping data for table `purchase_details`
--

LOCK TABLES `purchase_details` WRITE;
/*!40000 ALTER TABLE `purchase_details` DISABLE KEYS */;
/*!40000 ALTER TABLE `purchase_details` ENABLE KEYS */;
UNLOCK TABLES;

--
-- Table structure for table `sales`
--

DROP TABLE IF EXISTS `sales`;
/*!40101 SET @saved_cs_client     = @@character_set_client */;
/*!50503 SET character_set_client = utf8mb4 */;
CREATE TABLE `sales` (
  `id` int NOT NULL AUTO_INCREMENT,
  `code` varchar(20) NOT NULL,
  `trx_date` date NOT NULL,
  `sub_amount` decimal(15,2) DEFAULT NULL COMMENT 'total semua',
  `amount_total` decimal(15,2) DEFAULT NULL COMMENT 'total setelah diskon',
  `discount_amount` decimal(15,0) DEFAULT NULL COMMENT 'nominal diskon',
  `created_at` timestamp NOT NULL DEFAULT CURRENT_TIMESTAMP,
  `updated_at` timestamp NULL DEFAULT NULL ON UPDATE CURRENT_TIMESTAMP,
  `created_by` int DEFAULT NULL,
  `updated_by` int DEFAULT NULL,
  `total_products` int DEFAULT NULL,
  `customer_id` int NOT NULL,
  `description` text,
  PRIMARY KEY (`id`),
  UNIQUE KEY `sales_UN` (`code`),
  KEY `sales_FK` (`customer_id`),
  CONSTRAINT `sales_FK` FOREIGN KEY (`customer_id`) REFERENCES `customers` (`id`) ON DELETE RESTRICT ON UPDATE CASCADE
) ENGINE=InnoDB DEFAULT CHARSET=utf8mb3;
/*!40101 SET character_set_client = @saved_cs_client */;

--
-- Dumping data for table `sales`
--

LOCK TABLES `sales` WRITE;
/*!40000 ALTER TABLE `sales` DISABLE KEYS */;
/*!40000 ALTER TABLE `sales` ENABLE KEYS */;
UNLOCK TABLES;

--
-- Table structure for table `sales_details`
--

DROP TABLE IF EXISTS `sales_details`;
/*!40101 SET @saved_cs_client     = @@character_set_client */;
/*!50503 SET character_set_client = utf8mb4 */;
CREATE TABLE `sales_details` (
  `id` int NOT NULL AUTO_INCREMENT,
  `sales_id` int NOT NULL,
  `product_id` int NOT NULL,
  `quantity` int NOT NULL,
  `created_at` timestamp NOT NULL DEFAULT CURRENT_TIMESTAMP,
  `updated_at` timestamp NULL DEFAULT NULL ON UPDATE CURRENT_TIMESTAMP,
  `created_by` int DEFAULT NULL,
  `updated_by` int DEFAULT NULL,
  `amount_total` decimal(15,2) NOT NULL DEFAULT '0.00',
  PRIMARY KEY (`id`),
  KEY `sales_details_FK` (`product_id`),
  CONSTRAINT `sales_details_FK` FOREIGN KEY (`product_id`) REFERENCES `products` (`id`) ON DELETE RESTRICT ON UPDATE CASCADE
) ENGINE=InnoDB DEFAULT CHARSET=utf8mb3;
/*!40101 SET character_set_client = @saved_cs_client */;

--
-- Dumping data for table `sales_details`
--

LOCK TABLES `sales_details` WRITE;
/*!40000 ALTER TABLE `sales_details` DISABLE KEYS */;
/*!40000 ALTER TABLE `sales_details` ENABLE KEYS */;
UNLOCK TABLES;

--
-- Table structure for table `user_groups`
--

DROP TABLE IF EXISTS `user_groups`;
/*!40101 SET @saved_cs_client     = @@character_set_client */;
/*!50503 SET character_set_client = utf8mb4 */;
CREATE TABLE `user_groups` (
  `id` int NOT NULL AUTO_INCREMENT,
  `group_name` varchar(255) NOT NULL,
  `created_at` timestamp NOT NULL DEFAULT CURRENT_TIMESTAMP,
  `updated_at` timestamp NULL DEFAULT NULL ON UPDATE CURRENT_TIMESTAMP,
  `created_by` int DEFAULT NULL,
  `updated_by` int DEFAULT NULL,
  `is_active` enum('1','0') NOT NULL DEFAULT '1',
  `description` varchar(255) DEFAULT NULL,
  PRIMARY KEY (`id`)
) ENGINE=InnoDB AUTO_INCREMENT=4 DEFAULT CHARSET=utf8mb3;
/*!40101 SET character_set_client = @saved_cs_client */;

--
-- Dumping data for table `user_groups`
--

LOCK TABLES `user_groups` WRITE;
/*!40000 ALTER TABLE `user_groups` DISABLE KEYS */;
INSERT INTO `user_groups` VALUES (1,'Super Admin','2023-10-11 06:19:54','2023-10-11 06:20:33',NULL,NULL,'1','Group user super admin'),(2,'Seller','2023-10-11 06:20:08','2023-10-11 06:21:17',NULL,NULL,'1','Group user seller'),(3,'Admin Products','2023-10-11 06:21:32','2023-10-11 06:21:40',NULL,NULL,'1','Group user admin product');
/*!40000 ALTER TABLE `user_groups` ENABLE KEYS */;
UNLOCK TABLES;

--
-- Table structure for table `users`
--

DROP TABLE IF EXISTS `users`;
/*!40101 SET @saved_cs_client     = @@character_set_client */;
/*!50503 SET character_set_client = utf8mb4 */;
CREATE TABLE `users` (
  `id` int NOT NULL AUTO_INCREMENT,
  `name` varchar(100) NOT NULL,
  `email` varchar(100) DEFAULT NULL,
  `phone_number` varchar(15) DEFAULT NULL,
  `username` varchar(100) NOT NULL,
  `password` varchar(225) CHARACTER SET utf8mb3 COLLATE utf8mb3_general_ci DEFAULT NULL,
  `last_login_at` timestamp NULL DEFAULT NULL,
  `created_at` timestamp NOT NULL DEFAULT CURRENT_TIMESTAMP,
  `updated_at` timestamp NULL DEFAULT NULL ON UPDATE CURRENT_TIMESTAMP,
  `created_by` int DEFAULT NULL,
  `updated_by` int DEFAULT NULL,
  `group_id` int NOT NULL,
  `is_active` enum('1','0') NOT NULL DEFAULT '1',
  PRIMARY KEY (`id`),
  UNIQUE KEY `users_UN` (`username`)
) ENGINE=InnoDB AUTO_INCREMENT=11 DEFAULT CHARSET=utf8mb3;
/*!40101 SET character_set_client = @saved_cs_client */;

--
-- Dumping data for table `users`
--

LOCK TABLES `users` WRITE;
/*!40000 ALTER TABLE `users` DISABLE KEYS */;
INSERT INTO `users` VALUES (1,'Super Admin','super@gmail.com','001122334455','uadmin','5994471abb01112afcc18159f6cc74b4f511b99806da59b3caf5a9c173cacfc5',NULL,'2023-10-11 06:23:15','2023-10-11 06:23:59',NULL,NULL,1,'1'),(2,'Seller Satu','seller@gmail.com','001122334456','seller','5994471abb01112afcc18159f6cc74b4f511b99806da59b3caf5a9c173cacfc5',NULL,'2023-10-11 06:24:40',NULL,NULL,NULL,2,'1'),(3,'Admin Product','adminproduct@gmail.com','001122334457','products','5994471abb01112afcc18159f6cc74b4f511b99806da59b3caf5a9c173cacfc5',NULL,'2023-10-11 06:25:14',NULL,NULL,NULL,3,'1'),(4,'akmal','akmalryandii@gmail.com','089688880608','089688880608','$2y$10$h3E84FmRGjWtz5YQ27FvtOawfQ1HONRsJj/72ZjkXeqbiotozUdny',NULL,'2023-10-29 13:13:23',NULL,NULL,NULL,3,'1'),(5,'ryan','ryandi@gmail.com','089688880609','089688880609','$2y$10$e6TQGL5Z4D0XKQ.P9nBb9.CXDlv8NzbZzaiLZprSgprghMNaG6J.G',NULL,'2023-10-29 14:52:41',NULL,NULL,NULL,3,'1'),(6,'dimas','dimas@gmail.com','089622220608','089622220608','$2y$10$7z9IcxDjx25VqwAFNAKuWOVuJisRWnW5TiPQaoA.CdSzNObiXyHfu',NULL,'2023-10-30 15:45:44',NULL,NULL,NULL,3,'1'),(7,'arya','arya@gmail.com','089687870608','089687870608','$2y$10$1beKn7e.c5MQCWjgizdtPe5QUc/ikhvnS4oKeuH3rxAhhImX.s2UK',NULL,'2023-11-04 08:07:09',NULL,NULL,NULL,3,'1'),(9,'joe','jo@gmail.com','089671710608','089671710608','$2y$10$ck1jNj5f1X5pVOEGeXFMzOM1C0FSWj6LlyTuBKfOzSMobuhAv6S82',NULL,'2023-11-04 10:26:00',NULL,NULL,NULL,3,'1'),(10,'alex','lex@gmail.com','089689980608','089689980608','$2y$10$QG63rBQSSW22amjxXa61MOj8fUyMYpB2FMmhgfaKixZZmkILFnSYa',NULL,'2023-11-04 10:29:26',NULL,NULL,NULL,3,'1');
/*!40000 ALTER TABLE `users` ENABLE KEYS */;
UNLOCK TABLES;

--
-- Table structure for table `vendors`
--

DROP TABLE IF EXISTS `vendors`;
/*!40101 SET @saved_cs_client     = @@character_set_client */;
/*!50503 SET character_set_client = utf8mb4 */;
CREATE TABLE `vendors` (
  `id` int NOT NULL AUTO_INCREMENT,
  `code` varchar(20) NOT NULL,
  `name` varchar(200) NOT NULL,
  `phone_number` varchar(15) DEFAULT NULL,
  `email` varchar(100) DEFAULT NULL,
  `address` varchar(255) DEFAULT NULL,
  `created_at` timestamp NOT NULL DEFAULT CURRENT_TIMESTAMP,
  `updated_at` timestamp NULL DEFAULT NULL ON UPDATE CURRENT_TIMESTAMP,
  `created_by` int DEFAULT NULL,
  `updated_by` int DEFAULT NULL,
  `is_active` enum('1','0') CHARACTER SET utf8mb3 COLLATE utf8mb3_general_ci NOT NULL DEFAULT '1',
  PRIMARY KEY (`id`),
  UNIQUE KEY `vendors_UN` (`code`)
) ENGINE=InnoDB AUTO_INCREMENT=2 DEFAULT CHARSET=utf8mb3;
/*!40101 SET character_set_client = @saved_cs_client */;

--
-- Dumping data for table `vendors`
--

LOCK TABLES `vendors` WRITE;
/*!40000 ALTER TABLE `vendors` DISABLE KEYS */;
INSERT INTO `vendors` VALUES (1,'V0001','Yusuf','083745283472','suf@gmail.com','Malang','2023-10-24 09:06:01',NULL,NULL,NULL,'1');
/*!40000 ALTER TABLE `vendors` ENABLE KEYS */;
UNLOCK TABLES;

--
-- Dumping routines for database 'pos_shop'
--

--
-- Final view structure for view `pembeli`
--

/*!50001 DROP VIEW IF EXISTS `pembeli`*/;
/*!50001 SET @saved_cs_client          = @@character_set_client */;
/*!50001 SET @saved_cs_results         = @@character_set_results */;
/*!50001 SET @saved_col_connection     = @@collation_connection */;
/*!50001 SET character_set_client      = utf8mb4 */;
/*!50001 SET character_set_results     = utf8mb4 */;
/*!50001 SET collation_connection      = utf8mb4_0900_ai_ci */;
/*!50001 CREATE ALGORITHM=UNDEFINED */
/*!50013 DEFINER=`root`@`localhost` SQL SECURITY DEFINER */
/*!50001 VIEW `pembeli` AS select `customers`.`id` AS `id`,`customers`.`code` AS `code`,`customers`.`name` AS `name`,`customers`.`phone_number` AS `phone_number`,`customers`.`email` AS `email`,`customers`.`address` AS `address`,`customers`.`created_at` AS `created_at`,`customers`.`updated_at` AS `updated_at`,`customers`.`created_by` AS `created_by`,`customers`.`updated_by` AS `updated_by`,`customers`.`is_active` AS `is_active` from `customers` */;
/*!50001 SET character_set_client      = @saved_cs_client */;
/*!50001 SET character_set_results     = @saved_cs_results */;
/*!50001 SET collation_connection      = @saved_col_connection */;

--
-- Final view structure for view `product_view`
--

/*!50001 DROP VIEW IF EXISTS `product_view`*/;
/*!50001 SET @saved_cs_client          = @@character_set_client */;
/*!50001 SET @saved_cs_results         = @@character_set_results */;
/*!50001 SET @saved_col_connection     = @@collation_connection */;
/*!50001 SET character_set_client      = utf8mb4 */;
/*!50001 SET character_set_results     = utf8mb4 */;
/*!50001 SET collation_connection      = utf8mb4_0900_ai_ci */;
/*!50001 CREATE ALGORITHM=UNDEFINED */
/*!50013 DEFINER=`root`@`localhost` SQL SECURITY DEFINER */
/*!50001 VIEW `product_view` AS select `p`.`id` AS `id`,`p`.`image` AS `image`,`p`.`product_name` AS `product_name`,`p`.`description` AS `description`,`p`.`price` AS `price`,`p`.`stock` AS `stock`,`p`.`product_code` AS `product_code`,`c`.`category_name` AS `category_name` from (`products` `p` join `product_categories` `c` on((`p`.`category_id` = `c`.`id`))) */;
/*!50001 SET character_set_client      = @saved_cs_client */;
/*!50001 SET character_set_results     = @saved_cs_results */;
/*!50001 SET collation_connection      = @saved_col_connection */;
/*!40103 SET TIME_ZONE=@OLD_TIME_ZONE */;

/*!40101 SET SQL_MODE=@OLD_SQL_MODE */;
/*!40014 SET FOREIGN_KEY_CHECKS=@OLD_FOREIGN_KEY_CHECKS */;
/*!40014 SET UNIQUE_CHECKS=@OLD_UNIQUE_CHECKS */;
/*!40101 SET CHARACTER_SET_CLIENT=@OLD_CHARACTER_SET_CLIENT */;
/*!40101 SET CHARACTER_SET_RESULTS=@OLD_CHARACTER_SET_RESULTS */;
/*!40101 SET COLLATION_CONNECTION=@OLD_COLLATION_CONNECTION */;
/*!40111 SET SQL_NOTES=@OLD_SQL_NOTES */;

-- Dump completed on 2023-11-14 13:36:56
